{"val_loss": [1.260249394607544, 1.200808797264099], "val_acc": [0.5627, 0.594], "loss": [1.6394156898498535, 1.1749901071166993], "acc": [0.4527, 0.59712]}